{
  "flip": 0.05,
  "lift_best_thr": 0.4989147676789334,
  "lift_train_f1": 0.8888888888888888,
  "lift_w_neg": 2.297088037441217,
  "lift_w_pos": 0.19340663169728511,
  "mu": 0.5169063382672536,
  "n": 1000.0,
  "no_lift_best_thr": 3.856966512254069e-05,
  "no_lift_train_f1": 0.4709480122324159,
  "no_lift_w": 0.20299652019685588,
  "pos_rate": 0.308,
  "x_thr": 0.3
}